BEGIN TRANSACTION;
CREATE TABLE assoc_player_session (plse_id INTEGER PRIMARY KEY, plse_pl_id NUMERIC, plse_se_id NUMERIC, plse_points NUMERIC);
CREATE TABLE assoc_game_session (gase_id INTEGER PRIMARY KEY, gase_ga_id NUMERIC, gase_se_id NUMERIC);
CREATE TABLE assoc_game_regular_premium (grpr_id INTEGER PRIMARY KEY, grpr_gr_id NUMERIC, grpr_pr_id NUMERIC, grpr_pl_id NUMERIC, grpr_called NUMERIC, grpr_won NUMERIC);
CREATE TABLE player (pl_id INTEGER PRIMARY KEY, pl_name TEXT);
CREATE TABLE session (se_id INTEGER PRIMARY KEY, se_name TEXT, se_ts_id NUMERIC);
CREATE TABLE game (ga_id INTEGER PRIMARY KEY, ga_pl_id_player NUMERIC, ga_ta_id NUMERIC, ga_doublegames NUMERIC, ga_creation TEXT);
CREATE TABLE game_regular (gr_id INTEGER PRIMARY KEY, gr_ga_id NUMERIC, gr_partner_pl_id NUMERIC, gr_kontra NUMERIC, gr_won NUMERIC);
CREATE TABLE game_negative (gn_id INTEGER PRIMARY KEY, gn_ga_id NUMERIC, gn_player_pl_id NUMERIC, gn_ta_id NUMERIC, gn_won NUMERIC);
CREATE TABLE game_negative_kontra (gnk_id INTEGER PRIMARY KEY, gnk_gane_id NUMERIC, gnk_player_pl_id NUMERIC, gnk_kontra NUMERIC);
CREATE TABLE game_trischaken (gt_id INTEGER PRIMARY KEY, gt_ga_id TEXT, gt_player_pl_id TEXT, gt_result TEXT);
CREATE TABLE tariffset (ts_id INTEGER PRIMARY KEY, ts_name TEXT, ts_bei NUMERIC, ts_kontra NUMERIC);
CREATE TABLE tariff (ta_id INTEGER PRIMARY KEY, ta_ts_id NUMERIC, ta_name TEXT, ta_type1 NUMERIC, ta_type2 NUMERIC, ta_value NUMERIC);
CREATE TABLE premium (pr_id INTEGER PRIMARY KEY, pr_ts_id NUMERIC, pr_name TEXT, pr_type1 NUMERIC, pr_type2 NUMERIC, pr_value_silent TEXT, pr_value_called TEXT);
CREATE TABLE trischaken (tr_id INTEGER PRIMARY KEY, tr_ts_id NUMERIC, tr qid NUMERIC, tr_value NUMERIC);
INSERT INTO tariffset VALUES(1,'TarockBlock',2,8);
INSERT INTO tariffset VALUES(2,'Wiener Zeitung Cup',1,8);
INSERT INTO tariffset VALUES(3,'Raiffeisencup/Hausruckcup',1,8);
INSERT INTO tariffset VALUES(4,'Tiroler Tarockcup',4,8);
INSERT INTO tariffset VALUES(5,'Steirischer Tarockcup',2,4);
INSERT INTO tariff VALUES(1,1,'Trischaken',4,1,10);
INSERT INTO tariff VALUES(2,1,'Königrufer',1,1,10);
INSERT INTO tariff VALUES(3,1,'Sechserdreier',2,1,30);
INSERT INTO tariff VALUES(4,1,'Piccolo',4,2,10);
INSERT INTO tariff VALUES(5,1,'Zwiccolo',4,2,10);
INSERT INTO tariff VALUES(6,1,'Solorufer',1,4,20);
INSERT INTO tariff VALUES(7,1,'Besserrufer (+Vogel)',1,5,10);
INSERT INTO tariff VALUES(8,1,'Bettler',4,3,30);
INSERT INTO tariff VALUES(9,1,'Farbendreier',3,0,40);
INSERT INTO tariff VALUES(10,1,'Dreier',2,0,40);
INSERT INTO tariff VALUES(11,1,'Piccolo ouvert',4,2,50);
INSERT INTO tariff VALUES(12,1,'Zwiccolo ouvert',4,2,50);
INSERT INTO tariff VALUES(13,1,'Bettler ouvert',4,3,70);
INSERT INTO tariff VALUES(14,1,'Farbensolo',3,4,80);
INSERT INTO tariff VALUES(15,1,'Solodreier',2,4,80);
INSERT INTO tariff VALUES(16,2,'Trischaken',4,1,10);
INSERT INTO tariff VALUES(17,2,'Rufer',1,1,10);
INSERT INTO tariff VALUES(18,2,'Sechserdreier',2,1,40);
INSERT INTO tariff VALUES(19,2,'Piccolo',4,2,20);
INSERT INTO tariff VALUES(20,2,'Zwiccolo',4,2,20);
INSERT INTO tariff VALUES(21,2,'Solorufer',1,4,20);
INSERT INTO tariff VALUES(22,2,'Pagatrufer',1,5,30);
INSERT INTO tariff VALUES(23,2,'Bettel',4,3,40);
INSERT INTO tariff VALUES(24,2,'Uhurufer',1,5,50);
INSERT INTO tariff VALUES(25,2,'Farbendreier',3,0,50);
INSERT INTO tariff VALUES(26,2,'Dreier',2,0,50);
INSERT INTO tariff VALUES(27,2,'Piccolo ouvert',4,2,60);
INSERT INTO tariff VALUES(28,2,'Zwiccolo ouvert',4,2,60);
INSERT INTO tariff VALUES(29,2,'Kakadurufer',1,5,70);
INSERT INTO tariff VALUES(30,2,'Bettel ouvert',4,3,80);
INSERT INTO tariff VALUES(31,2,'Quapilrufer',1,5,90);
INSERT INTO tariff VALUES(32,2,'Farbensolo',3,4,100);
INSERT INTO tariff VALUES(33,2,'Solodreier',2,4,100);
INSERT INTO tariff VALUES(34,3,'Trischaken',4,1,10);
INSERT INTO tariff VALUES(35,3,'Rufer',1,1,10);
INSERT INTO tariff VALUES(36,3,'Sechserdreier',2,1,40);
INSERT INTO tariff VALUES(37,3,'Piccolo',4,2,20);
INSERT INTO tariff VALUES(38,3,'Bettel',4,3,20);
INSERT INTO tariff VALUES(39,3,'Solorufer',1,4,20);
INSERT INTO tariff VALUES(40,3,'A-Rufer (+Vogel)',1,5,10);
INSERT INTO tariff VALUES(41,3,'Dreier',2,0,40);
INSERT INTO tariff VALUES(42,3,'Farbensolo',3,4,50);
INSERT INTO tariff VALUES(43,3,'Piccolo ouvert',4,2,60);
INSERT INTO tariff VALUES(44,3,'Bettel ouvert',4,3,70);
INSERT INTO tariff VALUES(45,3,'Solodreier',2,4,80);
INSERT INTO tariff VALUES(46,4,'Rufer',1,1,10);
INSERT INTO tariff VALUES(47,4,'Trischaken',4,1,20);
INSERT INTO tariff VALUES(48,4,'Sechserdreier',2,1,40);
INSERT INTO tariff VALUES(49,4,'Piccolo',4,2,20);
INSERT INTO tariff VALUES(50,4,'Solorufer',1,4,20);
INSERT INTO tariff VALUES(51,4,'Besserrufer (+Vogel)',1,5,20);
INSERT INTO tariff VALUES(52,4,'Bettel',4,3,40);
INSERT INTO tariff VALUES(53,4,'Farbendreier',3,0,50);
INSERT INTO tariff VALUES(54,4,'Dreier',2,0,50);
INSERT INTO tariff VALUES(55,4,'Piccolo ouvert',4,2,70);
INSERT INTO tariff VALUES(56,4,'Zwiccolo ouvert',4,2,70);
INSERT INTO tariff VALUES(57,4,'Bettel ouvert',4,3,80);
INSERT INTO tariff VALUES(58,4,'Farbensolo',3,4,100);
INSERT INTO tariff VALUES(59,4,'Solodreier',2,4,100);
INSERT INTO tariff VALUES(60,5,'Trischaken',4,1,50);
INSERT INTO tariff VALUES(61,5,'Rufer',1,1,10);
INSERT INTO tariff VALUES(62,5,'Sechserdreier',2,1,50);
INSERT INTO tariff VALUES(63,5,'Piccolo',4,2,20);
INSERT INTO tariff VALUES(64,5,'Zwiccolo',4,2,20);
INSERT INTO tariff VALUES(65,5,'Triccolo',4,2,20);
INSERT INTO tariff VALUES(66,5,'Solorufer',1,4,20);
INSERT INTO tariff VALUES(67,5,'Pagatrufer',1,5,30);
INSERT INTO tariff VALUES(68,5,'Bettel',4,3,40);
INSERT INTO tariff VALUES(69,5,'Uhurufer',1,5,50);
INSERT INTO tariff VALUES(70,5,'Farbendreier',3,0,40);
INSERT INTO tariff VALUES(71,5,'Dreier',2,0,50);
INSERT INTO tariff VALUES(72,5,'Piccolo ouvert',4,2,40);
INSERT INTO tariff VALUES(73,5,'Kakadurufer',1,5,70);
INSERT INTO tariff VALUES(74,5,'Bettel ouvert',4,3,80);
INSERT INTO tariff VALUES(75,5,'Quapilrufer',1,5,90);
INSERT INTO tariff VALUES(76,5,'Farbensolo',3,4,80);
INSERT INTO tariff VALUES(77,5,'Solodreier',2,4,100);
INSERT INTO premium VALUES(1,1,'Pagat',1,0,'10','20');
INSERT INTO premium VALUES(2,1,'Uhu',1,0,'20','40');
INSERT INTO premium VALUES(3,1,'Kakadu',1,0,'30','60');
INSERT INTO premium VALUES(4,1,'König ultimo',2,0,'10','20');
INSERT INTO premium VALUES(5,1,'Mondfang',1,1,'10','20');
INSERT INTO premium VALUES(6,1,'Trull',1,0,'10','20');
INSERT INTO premium VALUES(7,1,'4 Könige',2,0,'10','20');
INSERT INTO premium VALUES(8,1,'1. Sack (=45/2)',3,0,'10','20');
INSERT INTO premium VALUES(9,1,'2. Sack (=55/2)',3,0,'20','40');
INSERT INTO premium VALUES(10,1,'Valat',3,0,'x4','x8');
INSERT INTO premium VALUES(11,2,'Pagat',1,0,'10','20');
INSERT INTO premium VALUES(12,2,'Uhu',1,0,'20','40');
INSERT INTO premium VALUES(13,2,'Kakadu',1,0,'30','60');
INSERT INTO premium VALUES(14,2,'Quapil',1,0,'40','80');
INSERT INTO premium VALUES(15,2,'König ultimo',2,0,'10','20');
INSERT INTO premium VALUES(16,2,'Trull',1,0,'10','20');
INSERT INTO premium VALUES(17,2,'4 Könige',2,0,'10','20');
INSERT INTO premium VALUES(18,2,'Valat',3,0,'x4','x8');
INSERT INTO premium VALUES(19,3,'Pagat',1,0,'10','20');
INSERT INTO premium VALUES(20,3,'Uhu',1,0,'20','40');
INSERT INTO premium VALUES(21,3,'Kakadu',1,0,'30','60');
INSERT INTO premium VALUES(22,3,'Quapil',1,0,'40','80');
INSERT INTO premium VALUES(23,3,'König ultimo',2,0,'10','20');
INSERT INTO premium VALUES(24,3,'Trull',1,0,'10','20');
INSERT INTO premium VALUES(25,3,'4 Könige',2,0,'10','20');
INSERT INTO premium VALUES(26,3,'Valat',3,0,'x4','x8');
INSERT INTO premium VALUES(27,4,'Pagat',1,0,'10','20');
INSERT INTO premium VALUES(28,4,'Uhu',1,0,'20','40');
INSERT INTO premium VALUES(29,4,'Kakadu',1,0,'30','60');
INSERT INTO premium VALUES(30,4,'Quapil',1,0,'40','80');
INSERT INTO premium VALUES(31,4,'König ultimo',2,0,'10','20');
INSERT INTO premium VALUES(32,4,'Mondfang',1,1,'10','20');
INSERT INTO premium VALUES(33,4,'Trull',1,0,'10','20');
INSERT INTO premium VALUES(34,4,'4 Könige',2,0,'10','20');
INSERT INTO premium VALUES(35,4,'1. Sack (=45/2)',3,0,'0','20');
INSERT INTO premium VALUES(36,4,'2. Sack (=55/2)',3,0,'0','20');
INSERT INTO premium VALUES(37,4,'Valat',3,0,'150','300');
INSERT INTO premium VALUES(38,5,'Pagat',1,0,'10','20');
INSERT INTO premium VALUES(39,5,'Uhu',1,0,'20','40');
INSERT INTO premium VALUES(40,5,'Kakadu',1,0,'30','60');
INSERT INTO premium VALUES(41,5,'Quapil',1,0,'40','80');
INSERT INTO premium VALUES(42,5,'König ultimo',2,0,'10','20');
INSERT INTO premium VALUES(43,5,'Trull',1,0,'10','20');
INSERT INTO premium VALUES(44,5,'4 Könige',2,0,'10','20');
INSERT INTO premium VALUES(45,5,'Valat',3,0,'x4','x8');
INSERT INTO trischaken VALUES(1,1,1,1);
INSERT INTO trischaken VALUES(2,1,2,2);
INSERT INTO trischaken VALUES(3,1,3,2);
INSERT INTO trischaken VALUES(4,2,1,1);
INSERT INTO trischaken VALUES(5,2,2,2);
INSERT INTO trischaken VALUES(6,2,3,2);
INSERT INTO trischaken VALUES(7,3,1,1);
INSERT INTO trischaken VALUES(8,3,2,2);
INSERT INTO trischaken VALUES(9,3,3,2);
INSERT INTO trischaken VALUES(10,4,1,1);
INSERT INTO trischaken VALUES(11,4,2,2);
INSERT INTO trischaken VALUES(12,4,3,2);
INSERT INTO trischaken VALUES(13,5,1,1);
INSERT INTO trischaken VALUES(14,5,2,2);
INSERT INTO trischaken VALUES(15,5,3,2);
COMMIT;
